board_id,issue_id
freshrelease:FreshreleaseBoard:2:8,freshrelease:FreshreleaseIssue:2:10063
freshrelease:FreshreleaseBoard:2:8,freshrelease:FreshreleaseIssue:2:10064
freshrelease:FreshreleaseBoard:2:8,freshrelease:FreshreleaseIssue:2:10065
freshrelease:FreshreleaseBoard:2:8,freshrelease:FreshreleaseIssue:2:10066
freshrelease:FreshreleaseBoard:2:8,freshrelease:FreshreleaseIssue:2:10067
freshrelease:FreshreleaseBoard:2:8,freshrelease:FreshreleaseIssue:2:10068
freshrelease:FreshreleaseBoard:2:8,freshrelease:FreshreleaseIssue:2:10070
freshrelease:FreshreleaseBoard:2:8,freshrelease:FreshreleaseIssue:2:10071
freshrelease:FreshreleaseBoard:2:8,freshrelease:FreshreleaseIssue:2:10072
freshrelease:FreshreleaseBoard:2:8,freshrelease:FreshreleaseIssue:2:10076
freshrelease:FreshreleaseBoard:2:8,freshrelease:FreshreleaseIssue:2:10077
freshrelease:FreshreleaseBoard:2:8,freshrelease:FreshreleaseIssue:2:10078
freshrelease:FreshreleaseBoard:2:8,freshrelease:FreshreleaseIssue:2:10079
freshrelease:FreshreleaseBoard:2:8,freshrelease:FreshreleaseIssue:2:10081
freshrelease:FreshreleaseBoard:2:8,freshrelease:FreshreleaseIssue:2:10082
freshrelease:FreshreleaseBoard:2:8,freshrelease:FreshreleaseIssue:2:10085
freshrelease:FreshreleaseBoard:2:8,freshrelease:FreshreleaseIssue:2:10086
freshrelease:FreshreleaseBoard:2:8,freshrelease:FreshreleaseIssue:2:10087
freshrelease:FreshreleaseBoard:2:8,freshrelease:FreshreleaseIssue:2:10088
freshrelease:FreshreleaseBoard:2:8,freshrelease:FreshreleaseIssue:2:10089
freshrelease:FreshreleaseBoard:2:8,freshrelease:FreshreleaseIssue:2:10090
freshrelease:FreshreleaseBoard:2:8,freshrelease:FreshreleaseIssue:2:10091
freshrelease:FreshreleaseBoard:2:8,freshrelease:FreshreleaseIssue:2:10092
freshrelease:FreshreleaseBoard:2:8,freshrelease:FreshreleaseIssue:2:10093
freshrelease:FreshreleaseBoard:2:8,freshrelease:FreshreleaseIssue:2:10094
freshrelease:FreshreleaseBoard:2:8,freshrelease:FreshreleaseIssue:2:10095
freshrelease:FreshreleaseBoard:2:8,freshrelease:FreshreleaseIssue:2:10096
freshrelease:FreshreleaseBoard:2:8,freshrelease:FreshreleaseIssue:2:10097
freshrelease:FreshreleaseBoard:2:8,freshrelease:FreshreleaseIssue:2:10098
freshrelease:FreshreleaseBoard:2:8,freshrelease:FreshreleaseIssue:2:10099
